<?xml version="1.0" encoding="UTF-8"?>
<project-private xmlns="http://www.netbeans.org/ns/project-private/1">
    <editor-bookmarks xmlns="http://www.netbeans.org/ns/editor-bookmarks/2" lastBookmarkId="0"/>
    <open-files xmlns="http://www.netbeans.org/ns/projectui-open-files/2">
        <group>
            <file>file:/C:/Users/Mr.Lopes/Documents/NetBeansProjects/LIBRARY/src/java/booklibrary/Librarian_account.java</file>
            <file>file:/C:/Users/Mr.Lopes/Documents/NetBeansProjects/LIBRARY/src/java/booklibrary/Login.java</file>
            <file>file:/C:/Users/Mr.Lopes/Documents/NetBeansProjects/LIBRARY/src/java/booklibrary/Issue.java</file>
            <file>file:/C:/Users/Mr.Lopes/Documents/NetBeansProjects/LIBRARY/src/java/booklibrary/Return.java</file>
        </group>
    </open-files>
</project-private>
